optimum,nopt1,nopt2
4.973035638803477,2.73496979719418,3.4121006278961294
1,0,0
0.9776381202277175,0.2538414638396457,0.10019491723582613
0.9646545698119193,0.7975493990595173,0.8774623333006064
